MGEN5EYO,Book 1: k f j f q,Margaret Atwood,6789,Romance,2004-01-28,N4QNDSA1,2020-02-10,43,24.89
6VADLYA0,Book 2: r j c w o d k p w h u o h w,Agatha Christie,3456,Fantasy,2016-08-11,ECTQB67P,2021-06-13,73,49.98
M7MOTTZ5,Book 3: z t d m f r d l y g k b d,Agatha Christie,3456,History,2009-01-10,6HKAKYCD,2023-10-03,59,47.51
MFIAKNQB,Book 4: t h w t i p r r o b i a i,J.K. Rowling,1234,Non-Fiction,1999-06-19,ZWFW6X93,2020-10-09,96,27.0
WACDNPT7,Book 5: n x u h f c m q b u m j c e h,Margaret Atwood,6789,History,2018-03-06,ISFSUBA0,2021-09-10,47,27.36
94RCKKCN,Book 6: m u g b q x,George R.R. Martin,5678,Mystery,2018-10-21,W1EH26UY,2020-08-12,93,24.55
0CMMVG30,Book 7: t z t c g,George R.R. Martin,5678,Biography,1993-12-05,SPBG0FU1,2020-06-21,89,21.51
WPI8F3A0,Book 8: s s q x t a i i u u j,George R.R. Martin,5678,Fiction,2010-08-03,WQKX5JO1,2021-07-05,95,14.73
TD1AZ3IX,Book 9: d j v k s q q,Agatha Christie,3456,Horror,2022-01-01,3QYOTKBR,2020-03-20,99,46.86
BGX0O1EM,Book 10: w c t t v q x r v u x a y,George R.R. Martin,5678,Biography,1998-10-07,XBXP5Q7L,2022-10-04,42,15.13
I2U2UNO3,Book 11: i k s r h p h,J.K. Rowling,1234,Fantasy,2015-03-16,CP4Z3NPU,2023-02-18,28,40.01
M4GBGGRE,Book 12: h c f i z g u e a f g,Neil Gaiman,0123,Science Fiction,2019-12-19,YQE9OP3W,2021-04-16,63,37.2
TL9T9NHF,Book 13: g t p z d i e s k a c k s s,J.K. Rowling,1234,Science Fiction,2019-06-15,WJZBL4FL,2023-11-20,53,28.12
OW068Y3W,Book 14: y w u y b r,Stephen King,9012,Fiction,1995-11-28,8Z2H4I5W,2023-01-12,91,34.09
HM4YL43M,Book 15: a p c d u o t l b s r j k a e,Agatha Christie,3456,Horror,2022-06-16,MF6JDCJY,2020-11-08,97,42.9
IPGLWQMG,Book 16: c l l t p v m u v w v p p,Khaled Hosseini,4567,Thriller,2023-01-14,7N105H3C,2023-08-03,51,46.8
L1LWMAZH,Book 17: w i v k x c,George R.R. Martin,5678,Science Fiction,2023-01-15,SWYOLA44,2021-11-28,82,34.87
HZSGY8K4,Book 18: i e h v o l,Margaret Atwood,6789,Fiction,1992-07-16,797RGJEU,2023-08-03,31,36.78
5ZHJKC7P,Book 19: c e p u i d b k x i o,Colson Whitehead,8901,Romance,2002-10-08,LGDRC4KJ,2021-04-01,7,13.69
P7NHPBES,Book 20: f d q i q,Neil Gaiman,0123,Fantasy,2004-03-21,SX8H18YL,2023-12-12,48,49.37
5NPMEL41,Book 21: a m t r e,Neil Gaiman,0123,Non-Fiction,2006-07-14,7Q6ALDTN,2022-12-12,45,22.6
GAHE0NXA,Book 22: d r z v j y y y h t k y,Agatha Christie,3456,Fiction,2003-05-24,D9QB2U36,2023-12-01,29,40.33
C6NM2EDS,Book 23: g g h n m c t b h u,Agatha Christie,3456,Fiction,2021-10-22,C60A1ZIY,2020-05-18,4,28.89
LFPF087F,Book 24: v d a r w l a k p z x j h a,Haruki Murakami,2345,Romance,2014-02-27,ZVBOG3AG,2023-12-05,93,47.22
7YDFZMKH,Book 25: q z i o w,George R.R. Martin,5678,Fantasy,2001-04-20,C76EXOPA,2023-08-17,16,13.97
CKV787GN,Book 26: s c p u f j s z z h h g a r,Neil Gaiman,0123,Science Fiction,1995-06-11,52RKVVU0,2022-11-09,25,43.28
VKDBL8U3,Book 27: k j d n p x k j p n r v,J.K. Rowling,1234,Horror,2017-09-14,Y3HC6QLY,2020-03-01,71,46.26
T9XUKYCY,Book 28: o w e i b a i n t m p j g x a,Haruki Murakami,2345,Science Fiction,2006-04-20,XTKZ8CVJ,2022-03-22,97,30.28
YPYTHUDU,Book 29: k j w q h p x s z v q a b g j,Khaled Hosseini,4567,Romance,2005-10-15,Z1JBOG5G,2021-06-13,72,39.72
JD6AL172,Book 30: t u b x o b c t w t u g n z p,Stephen King,9012,History,1996-08-14,EKUSL6FD,2023-11-17,16,39.77
3TL8532W,Book 31: i b g h b s o j p o e u j q v,Agatha Christie,3456,Science Fiction,2022-03-21,O52E9KBZ,2023-11-13,54,10.68
QT4SGLMW,Book 32: v v f m n l x u a r f,Dan Brown,7890,Romance,2012-02-09,KDT7O9EK,2023-05-04,93,10.1
IB80I4KD,Book 33: v j j m e v d z c t j,J.K. Rowling,1234,Romance,2004-11-22,I9DD2S0C,2021-07-06,47,40.56
LU8CGXOB,Book 34: j i x h i y k v a k m h s r a,George R.R. Martin,5678,Fantasy,2006-03-06,FA4QYGEX,2023-06-05,62,29.71
V506VLVR,Book 35: m z f i n h r g b s z v,Khaled Hosseini,4567,Biography,1991-10-17,K50G8S62,2021-05-28,13,41.29
EM52ZPQ4,Book 36: r u p l o q z a z y q z x,Stephen King,9012,Mystery,2003-02-23,31ERISV1,2020-08-20,92,12.96
SO854P3A,Book 37: v f q q f d d e,Colson Whitehead,8901,Biography,2011-05-20,NPFYAFRV,2022-07-02,36,29.68
604BGXC2,Book 38: d f d e t x d n k h z u y f,Agatha Christie,3456,Non-Fiction,1991-01-21,DGGTO6N4,2022-05-16,1,38.6
XFDMCGFT,Book 39: z b s x x m j q u i t z,George R.R. Martin,5678,Fiction,1991-08-23,6XSQ15M8,2022-06-13,13,38.62
42GYMYQJ,Book 40: y g y g b i w d w k,Haruki Murakami,2345,Science Fiction,1993-08-04,4216M07Y,2023-04-13,9,28.34
VQZ4OTKD,Book 41: z w c j g k w i g q v g,Colson Whitehead,8901,Non-Fiction,2011-11-13,ILH2Z2KA,2023-07-14,97,22.22
OV1EW8OD,Book 42: u l x o k,Neil Gaiman,0123,Horror,1999-08-16,3HEC0F7U,2020-03-15,50,18.2
1RUK3GVY,Book 43: x v v l i,Agatha Christie,3456,Non-Fiction,2009-01-04,0K0LUA54,2023-01-15,79,38.24
XU8SICOE,Book 44: y c v x a p a y z b f f e r,Stephen King,9012,Non-Fiction,2011-03-24,R20NKF9L,2020-02-05,74,39.81
2ALR3HGC,Book 45: e v r a u c o d d s y u i,George R.R. Martin,5678,Thriller,1999-01-16,X8Z6V5RK,2020-02-12,44,47.67
FLQXHFFT,Book 46: w j i b o c l z t x g e j,Colson Whitehead,8901,Mystery,2010-01-22,ZJQSKLP9,2020-04-24,65,15.9
J040NC5G,Book 47: n n q b y r o v u i n r q v m,Khaled Hosseini,4567,Mystery,1995-10-23,M6X32T2X,2022-11-06,87,11.66
LG5EJY5N,Book 48: c l v r g,Khaled Hosseini,4567,Romance,2007-06-04,OQ5YKC1K,2021-07-18,2,17.92
THWHWSH9,Book 49: j j w h h j c d n t y v j f w,Haruki Murakami,2345,Thriller,1996-03-07,2BNK73E0,2023-01-04,66,37.12
C9YO6BNE,Book 50: r s r z r l q d y m,Haruki Murakami,2345,Mystery,1992-12-12,MVNDGJSD,2022-05-28,69,26.87
I1DMTRI8,Book 51: a x t z o p s,Khaled Hosseini,4567,Science Fiction,1999-01-01,W81ZO0UI,2020-05-24,90,45.83
VHPENO0V,Book 52: u p v f b c,Khaled Hosseini,4567,Horror,2005-06-07,JULHPKAN,2023-08-08,59,25.85
N8OVL2UE,Book 53: m t o j m,J.K. Rowling,1234,Science Fiction,2013-05-06,VIFGPO0K,2023-06-24,79,48.5
EO0GVDVV,Book 54: f j r b a r,George R.R. Martin,5678,Horror,2015-11-18,9W5C6MOH,2020-09-21,25,34.01
42CF93RY,Book 55: b p n u c a s,Margaret Atwood,6789,History,1997-05-09,9V8S2O3M,2021-09-23,83,49.26
117PNIKE,Book 56: i t k r w k l n g f,George R.R. Martin,5678,Fantasy,2019-01-07,6GS5WLLI,2022-06-10,83,48.19
5XVF2BFG,Book 57: a d l x g o w t,George R.R. Martin,5678,Fantasy,2009-06-05,231LVLEC,2022-10-06,10,49.56
EVLTSM3M,Book 58: a w o d k r u m l e f k p y,J.K. Rowling,1234,Romance,2010-01-24,A7MT9RPN,2022-07-02,85,19.89
5V8J653Z,Book 59: r u b g q s o p c,George R.R. Martin,5678,History,2006-04-26,ZTTI8ZS2,2022-06-28,71,14.35
R3KOKYGB,Book 60: c k c s f l g z h l m f e,Neil Gaiman,0123,Non-Fiction,2018-06-01,LRQT6S0X,2021-12-24,45,19.92
KIOPG01R,Book 61: h s i m y e h g q,Khaled Hosseini,4567,Fantasy,2003-05-17,UHV1KNGV,2020-06-07,74,22.94
T6QG21JE,Book 62: y a z l v z r j s d,Khaled Hosseini,4567,Non-Fiction,1992-03-19,UMCG15E8,2021-05-15,59,49.46
H0LMLCEH,Book 63: q e n n c z o i v z g p w n e,Khaled Hosseini,4567,Romance,1991-10-20,W2BXNSO6,2021-12-09,21,10.81
UHPACU3A,Book 64: o p m a y f,Colson Whitehead,8901,Mystery,2004-01-23,OW6HN4OL,2020-12-17,10,48.11
ELIIJ8RM,Book 65: v o n i d p u r a g v,Dan Brown,7890,Thriller,1993-08-04,HP9RDE9U,2020-03-28,69,46.52
6K5ISBUX,Book 66: c p r j n o,Khaled Hosseini,4567,History,2023-11-24,N6MUNS9V,2022-01-07,57,17.01
KVF3B1HP,Book 67: v i x x a f k t o u l,Margaret Atwood,6789,Fiction,2016-10-27,GE24H6UU,2023-08-17,73,47.3
VKGB8ZB3,Book 68: d a q n o d i j a s c w,Agatha Christie,3456,Thriller,2005-04-19,A9CBIN0V,2023-08-06,54,12.7
A2RB5A5S,Book 69: n a i t l u g x s u o,Stephen King,9012,Fantasy,2003-03-26,WIGP03B6,2021-02-17,31,42.83
L6U0RV2A,Book 70: t i c w e z k a a,George R.R. Martin,5678,Fiction,2002-03-05,UZ8PBXN8,2020-07-19,92,12.7
20DKZ38A,Book 71: v g n r m r u k t k,Khaled Hosseini,4567,Thriller,2023-01-03,YWF4QI8J,2020-08-11,22,17.65
EET5CWC0,Book 72: t a s q b i n j d z,Stephen King,9012,Fiction,1998-02-06,IKJRP5I6,2023-05-19,5,17.69
T9QGRFJI,Book 73: n j g x m,George R.R. Martin,5678,Fiction,2004-07-17,52J1U9MM,2022-02-09,62,43.42
77533MD4,Book 74: e l z k g f q j f,Dan Brown,7890,Mystery,1993-01-09,DWDCOYKR,2020-08-28,54,15.02
HZDBN91B,Book 75: s b h o m q e m,Margaret Atwood,6789,Fiction,2007-09-23,HJF54NQX,2023-10-03,50,29.14
3VXD08OM,Book 76: q u b y o l s u u j l q,George R.R. Martin,5678,Science Fiction,2018-05-21,MIFY5DC4,2022-04-14,29,18.26
YOMOM1OH,Book 77: m y t p k q u q f k h g,Margaret Atwood,6789,Fantasy,1993-01-27,EWENX759,2020-10-20,92,46.33
2NTGDIGT,Book 78: w s r x o t w r r b g s,Khaled Hosseini,4567,Horror,2005-11-15,6DQ4OFQO,2021-06-04,31,45.88
NN96BXQX,Book 79: l j z s u,Khaled Hosseini,4567,Non-Fiction,2020-11-01,MMUWA8JZ,2022-10-14,17,15.35
P5KUTLR6,Book 80: m w k u s t,Neil Gaiman,0123,Fiction,2014-06-06,W30B3V3X,2022-03-06,15,11.42
S2PU3DAQ,Book 81: k w k j r t f r x k c q n o v,Stephen King,9012,Science Fiction,1999-10-01,1K092VR3,2023-05-07,54,31.32
S15M6BZL,Book 82: t j d o b n j p r,Haruki Murakami,2345,Thriller,1991-01-24,J2YC90QZ,2023-04-06,62,23.93
1VQ1X4U6,Book 83: g r q y r v b s p m q x,Colson Whitehead,8901,Thriller,2021-06-11,EWS5P27H,2021-02-23,45,16.68
CJ252QNL,Book 84: q t y n e f o l g l g b l v,Stephen King,9012,Fantasy,2023-02-15,YXDN0QMR,2023-01-03,13,34.98
V6LJKQ8Y,Book 85: n m k j u c v k c m w w v,Neil Gaiman,0123,Fiction,2003-03-09,W1XHW81Q,2022-06-11,40,38.38
TWR0ZAT2,Book 86: a x c i q n i q h,Colson Whitehead,8901,Science Fiction,2003-10-15,01EX0CSX,2022-10-21,44,14.75
U425C02B,Book 87: u a a f w,Haruki Murakami,2345,Fiction,1996-02-01,2OUR2ZY3,2022-08-06,31,28.96
25Q6RZ8P,Book 88: u x o l j h n t v m l a a n,Haruki Murakami,2345,Horror,2019-03-09,468CJ9X7,2021-01-13,93,20.29
VR9DF847,Book 89: v a q b l t g f s,George R.R. Martin,5678,Thriller,2010-04-12,UKKTYLQ5,2022-11-20,43,37.84
9ZXF1TCO,Book 90: k y e n h z c w u y u x b j,Colson Whitehead,8901,Fantasy,2007-05-20,TIGAGIL1,2020-07-14,45,39.14
8UGADBZ4,Book 91: o m v y d p k c,Dan Brown,7890,Fiction,1990-03-07,SB0W2QXF,2020-08-18,84,25.57
MEL5GGIW,Book 92: r j h d j p,Colson Whitehead,8901,Fiction,1990-12-02,CYPROQ3A,2020-10-26,4,11.97
MYJE5ZW4,Book 93: s p m w a t h n t h g k,J.K. Rowling,1234,Romance,2022-10-11,1WXGZ4PD,2021-04-20,66,45.23
DXFN2Q4T,Book 94: u y g r j i u j c q m s o,Dan Brown,7890,Thriller,1993-02-11,WN7ALD05,2020-12-18,67,36.99
B0V6JAKK,Book 95: w g z w i n u o q i b r,Dan Brown,7890,Romance,2012-10-26,NRZ2S2RR,2021-03-07,22,39.77
OYNANOYC,Book 96: c e j p g m i r a k w t z,Colson Whitehead,8901,History,2022-04-24,5RNI4DL5,2021-11-26,81,19.1
4WHAED8U,Book 97: u i p q a v a a i e i s z o s,Dan Brown,7890,Biography,2014-06-17,N29VAWM1,2020-05-17,88,49.4
XDTCM37R,Book 98: i l b b w n z k c,George R.R. Martin,5678,Mystery,2020-05-28,ABS10LIQ,2021-05-03,60,30.36
UKS4UKGF,Book 99: l v g c q j d v w r k k,Margaret Atwood,6789,History,2011-07-20,7Z7RGHMX,2022-11-09,4,14.67
KBWMNU80,Book 100: b p k d o e m t v e,Stephen King,9012,Fantasy,2015-01-20,RGUZZ60K,2022-03-01,64,49.99
